id_est;cod_param;altura;id_reg
232;PM25;;XV
157;PM25;;I
157;GLOB;3;I
157;RHUM;3;I
157;TEMP;3;I
157;TEMP;10;I
157;WDIR;10;I
157;WSPD;10;I
259;0001;;II
259;PM10;;II
259;PM25;;II
154;00Cu;;II
154;00Pb;;II
154;ARSE;;II
154;PM10;;II
154;PM1D;;II
70;PM10;;II
70;ARSE;;II
70;00Cu;;II
70;00Pb;;II
70;WDIR;10;II
70;WSPD;10;II
33;00Cu;;II
33;00Pb;;II
33;ARSE;;II
33;PM10;;II
33;PM1D;;II
33;WDIR;10;II
33;WSPD;10;II
46;0001;;II
46;ARSE;;II
46;PM10;;II
234;0001;;II
234;ARSE;;II
234;PM10;;II
234;PM25;;II
234;GLOB;3;II
234;PRES;2;II
234;PRES;3;II
234;RHUM;2;II
234;TEMP;2;II
234;WDIR;10;II
234;WSPD;10;II
207;0001;;II
207;PM10;;II
207;PM25;;II
207;ARSE;;II
207;00Pb;;II
207;RHUM;2;II
207;TEMP;2;II
207;TEMP;10;II
207;WDIR;10;II
207;WSPD;10;II
222;PM10;;II
222;PM25;;II
222;ARSE;;II
222;00Pb;;II
222;RHUM;2;II
222;TEMP;2;II
222;TEMP;10;II
222;WDIR;10;II
222;WSPD;10;II
275;0001;;II
275;0002;;II
275;0003;;II
275;0004;;II
275;0008;;II
275;0NOX;;II
275;PM10;;II
275;PM25;;II
275;ARSE;;II
275;00Pb;;II
275;RHUM;2;II
275;RHUM;4;II
275;TEMP;2;II
275;TEMP;4;II
275;TEMP;10;II
275;WDIR;4;II
275;WDIR;10;II
275;WSPD;4;II
275;WSPD;10;II
124;0001;;II
124;ARSE;;II
124;PM10;;II
124;PM25;;II
124;00Pb;;II
124;GLOB;3;II
124;PRES;2;II
124;PRES;3;II
124;RAIN;;II
124;RAIN;2;II
124;RHUM;;II
124;RHUM;2;II
124;TEMP;10;II
124;TEMP;2;II
124;WDIR;10;II
124;WSPD;10;II
282;0001;;II
282;PM10;;II
282;ARSE;;II
282;00Pb;;II
282;GLOB;;II
282;PRES;;II
282;RAIN;;II
282;RHUM;2;II
282;TEMP;2;II
282;WDIR;10;II
282;WSPD;10;II
134;0001;;II
134;GLOB;;II
134;RHUM;2;II
134;TEMP;2;II
134;WDIR;10;II
134;WSPD;10;II
134;PRES;;II
134;RAIN;;II
12;0001;;II
12;ARSE;;II
12;PM10;;II
12;00Pb;;II
12;PM25;;II
108;0001;;II
108;ARSE;;II
108;PM10;;II
69;0001;;II
69;0004;;II
69;PM10;;II
69;ARSE;;II
69;PRES;2;II
69;RAIN;2;II
69;TEMP;2;II
69;WDIR;10;II
69;WSPD;10;II
69;GLOB;;II
3;0001;;II
3;PM10;;II
3;ARSE;;II
68;PM10;;II
68;WDIR;;II
68;RHUM;;II
68;TEMP;;II
68;WSPD;;II
2;PM10;;II
1;0002;;II
1;0003;;II
1;0NOX;;II
1;PM10;;II
1;GLOB;3;II
1;RHUM;3;II
1;TEMP;10;II
1;WDIR;10;II
1;WSPD;10;II
279;0002;;II
279;0003;;II
279;0NOX;;II
279;PM10;;II
279;GLOB;3;II
279;RHUM;3;II
279;TEMP;10;II
279;WDIR;10;II
279;WSPD;10;II
4;0002;;II
4;0003;;II
4;0004;;II
4;0008;;II
4;0NOX;;II
4;PM10;;II
66;0001;;II
66;0003;;II
66;0008;;II
66;PM10;;II
66;00Ni;;II
255;PM10;;II
255;PM25;;II
255;TEMP;18;II
255;WDIR;18;II
255;WSPD;18;II
71;0001;;II
71;0002;;II
71;0003;;II
71;0004;;II
71;0008;;II
71;0NOX;;II
71;PM10;;II
71;WDIR;;II
71;WSPD;;II
72;0001;;II
72;0002;;II
72;0003;;II
72;0004;;II
72;0008;;II
72;0NOX;;II
72;PM10;;II
72;GLOB;2;II
72;PRES;2;II
72;RAIN;2;II
72;RHUM;2;II
72;TEMP;2;II
72;WDIR;10;II
72;WSPD;10;II
178;PM25;;II
270;0001;;II
270;PM10;;II
270;WSPD;10;II
172;0001;;II
172;0002;;II
172;0003;;II
172;0004;;II
172;0008;;II
172;0NOX;;II
172;PM10;;II
172;PM25;;II
172;GLOB;3;II
172;PRES;2;II
172;RHUM;2;II
172;TEMP;2;II
172;WDIR;10;II
172;WSPD;10;II
169;PM10;;II
169;PM25;;II
169;GLOB;4;II
169;PRES;4;II
169;RHUM;4;II
169;TEMP;4;II
169;WDIR;10;II
169;WSPD;10;II
274;0001;;II
274;0002;;II
274;0003;;II
274;0004;;II
274;0008;;II
274;0NOX;;II
274;PM10;;II
274;PM25;;II
274;ARSE;;II
274;00Ni;;II
274;GLOB;3;II
274;PRES;3;II
274;RHUM;3;II
274;TEMP;10;II
274;WDIR;10;II
274;WSPD;10;II
128;0001;;II
128;WDIR;10;II
128;WSPD;10;II
128;RHUM;;II
128;PRES;;II
128;GLOB;;II
128;TEMP;;II
39;0001;;II
39;PM10;;II
39;00Ni;;II
130;0001;;II
51;0001;;II
51;PM10;;II
51;ARSE;;II
51;00Ni;;II
305;PM10;;III
305;TEMP;10;III
176;0001;;III
176;PM10;;III
176;PM25;;III
223;0001;;III
223;PM10;;III
223;WDIR;10;III
223;WSPD;10;III
248;0001;;III
248;PM10;;III
196;0001;;III
196;PM10;;III
196;WDIR;10;III
196;WSPD;10;III
139;0001;;III
139;PM10;;III
139;WDIR;10;III
139;WSPD;10;III
45;0001;;III
45;PM10;;III
45;ARSE;;III
45;00Cu;;III
45;00Pb;;III
45;GLOB;2;III
45;PRES;2;III
45;RAIN;2;III
45;RHUM;2;III
45;TEMP;2;III
45;WDIR;10;III
45;WSPD;10;III
38;PM10;;III
38;WDIR;;III
38;RHUM;;III
38;RAIN;;III
38;PRES;;III
38;GLOB;;III
38;TEMP;;III
38;WSPD;;III
114;0001;;III
114;PM10;;III
114;ARSE;;III
114;00Cu;;III
114;00Pb;;III
114;GLOB;2;III
114;PRES;2;III
114;RAIN;2;III
114;RHUM;2;III
114;TEMP;2;III
114;WDIR;10;III
114;WSPD;10;III
44;PM10;;III
44;WDIR;;III
44;WSPD;;III
258;0001;;III
187;0001;;III
265;0001;;III
265;WDIR;10;III
265;WDIR;12;III
265;WSPD;10;III
265;WSPD;12;III
219;PM25;;III
219;GLOB;3;III
219;RHUM;3;III
219;TEMP;10;III
219;WDIR;10;III
219;WSPD;10;III
201;PM10;;III
201;PM25;;III
205;0001;;III
205;0002;;III
205;0003;;III
205;0004;;III
205;0008;;III
205;PM10;;III
205;PM25;;III
205;WDIR;10;III
205;WSPD;10;III
175;0001;;III
175;0002;;III
175;0003;;III
175;PM10;;III
175;PM25;;III
163;0001;;III
163;GLOB;12;III
163;GLOB;2;III
163;GLOB;;III
163;PRES;2;III
163;PRES;12;III
163;PRES;;III
163;RAIN;12;III
163;RAIN;;III
163;RAIN;2;III
163;RHUM;2;III
163;RHUM;;III
163;RHUM;12;III
163;TEMP;12;III
163;TEMP;;III
163;TEMP;2;III
163;WDIR;10;III
163;WDIR;;III
163;WDIR;12;III
163;WSPD;;III
163;WSPD;12;III
163;WSPD;10;III
179;0001;;III
179;0002;;III
179;0003;;III
179;0008;;III
179;0NOX;;III
179;WDIR;10;III
179;WSPD;10;III
243;0001;;III
192;0001;;III
252;0001;;III
214;0001;;III
214;WDIR;10;III
214;WDIR;12;III
214;WSPD;10;III
214;WSPD;12;III
121;0001;;III
224;0001;;III
224;PM10;;III
224;WDIR;10;III
224;WSPD;10;III
40;0001;;III
171;PM10;;IV
171;GLOB;3;IV
171;GLOB;2;IV
171;PRES;2;IV
171;PRES;3;IV
171;RHUM;3;IV
171;RHUM;2;IV
171;TEMP;10;IV
171;TEMP;2;IV
171;WDIR;10;IV
171;WSPD;10;IV
156;PM10;;IV
156;WDIR;10;IV
156;WSPD;10;IV
150;PM10;;IV
150;WDIR;10;IV
150;WSPD;10;IV
268;PM10;;IV
268;GLOB;3;IV
268;PRES;3;IV
268;RAIN;4;IV
268;RHUM;3;IV
268;TEMP;10;IV
268;WDIR;10;IV
268;WSPD;10;IV
148;PM10;;IV
148;WDIR;10;IV
148;WSPD;10;IV
194;PM25;;IV
194;GLOB;3;IV
194;RHUM;3;IV
194;TEMP;10;IV
194;WDIR;10;IV
194;WSPD;10;IV
95;PM25;;IV
95;GLOB;3;IV
95;RHUM;3;IV
95;TEMP;10;IV
95;WDIR;10;IV
95;WSPD;10;IV
32;PM10;;IV
32;WDIR;;IV
32;WSPD;;IV
9;PM10;;IV
9;WDIR;;IV
9;WSPD;;IV
15;PM10;;IV
15;WDIR;;IV
15;WSPD;;IV
144;PM10;;IV
144;WDIR;;IV
144;RHUM;;IV
144;RAIN;;IV
144;PRES;;IV
144;TEMP;;IV
144;WSPD;;IV
257;PM10;;IV
257;PM25;;IV
257;GLOB;2;IV
257;GLOB;3;IV
257;PRES;2;IV
257;PRES;3;IV
257;RHUM;3;IV
257;RHUM;2;IV
257;TEMP;2;IV
257;TEMP;10;IV
257;WDIR;10;IV
257;WSPD;10;IV
8;PM10;;IV
137;PM10;;IV
16;PM10;;IV
16;WDIR;;IV
16;WSPD;;IV
17;PM10;;IV
13;0001;;V
13;0002;;V
13;0003;;V
13;0004;;V
13;0008;;V
13;0CH4;;V
13;0NOX;;V
13;NMHC;;V
13;PM10;;V
13;THCM;;V
13;WDIR;;V
13;WSPD;;V
7;0001;;V
7;0002;;V
7;0003;;V
7;0008;;V
7;PM10;;V
7;NMHC;;V
7;THCM;;V
7;00Pb;;V
7;WDIR;10;V
7;WSPD;10;V
145;0001;;V
145;0002;;V
145;0003;;V
145;0008;;V
145;0CH4;;V
145;PM10;;V
145;NMHC;;V
145;THCM;;V
145;00Pb;;V
145;GLOB;2;V
145;PRES;2;V
145;RAIN;2;V
145;RHUM;2;V
145;TEMP;2;V
145;WDIR;10;V
145;WSPD;10;V
165;0001;;V
165;PM10;;V
165;WDIR;10;V
165;WSPD;10;V
131;0001;;V
131;GLOB;10;V
131;GLOB;30;V
131;GLOB;6;V
131;PRES;8;V
131;PRES;4;V
131;PRES;30;V
131;RAIN;4;V
131;RHUM;30;V
131;RHUM;4;V
131;TEMP;30;V
131;TEMP;6;V
131;WDIR;30;V
131;WDIR;10;V
131;WSPD;10;V
131;WSPD;30;V
253;0001;;V
253;WDIR;6;V
253;WDIR;10;V
253;WDIR;30;V
253;WSPD;6;V
253;WSPD;10;V
253;WSPD;30;V
132;0001;;V
132;WDIR;18;V
132;WDIR;30;V
132;WDIR;2;V
132;WDIR;6;V
132;WDIR;10;V
132;WSPD;10;V
132;WSPD;30;V
132;WSPD;6;V
132;WSPD;18;V
202;PM25;;V
202;RHUM;3;V
202;TEMP;3;V
202;WDIR;10;V
202;WSPD;10;V
177;0001;;V
177;0002;;V
177;0003;;V
177;0004;;V
177;0008;;V
177;0CH4;;V
177;0NOX;;V
177;NMHC;;V
177;PM10;;V
177;THCM;;V
177;ARSE;;V
177;00Ni;;V
177;PM25;;V
177;00Pb;;V
177;GLOB;;V
177;PRES;;V
177;RAIN;;V
177;RHUM;;V
177;TEMP;;V
177;WDIR;10;V
177;WSPD;10;V
185;0001;;V
185;0002;;V
185;0003;;V
185;0004;;V
185;0008;;V
185;0CH4;;V
185;0NOX;;V
185;NMHC;;V
185;PM10;;V
185;PM25;;V
185;THCM;;V
185;00Ni;;V
185;ARSE;;V
185;00Pb;;V
185;GLOB;;V
185;GLOB;2;V
185;PRES;;V
185;RAIN;;V
185;RHUM;2;V
185;RHUM;;V
185;TEMP;2;V
185;TEMP;;V
185;WDIR;;V
185;WDIR;10;V
185;WSPD;;V
185;WSPD;10;V
89;0001;;V
89;0004;;V
89;0CH4;;V
89;NMHC;;V
89;PM10;;V
89;THCM;;V
89;00Pb;;V
89;ARSE;;V
89;00Ni;;V
89;PM25;;V
89;0003;;V
89;0002;;V
89;0NOX;;V
89;0008;;V
89;GLOB;;V
89;PRES;;V
89;RAIN;;V
89;RHUM;;V
89;TEMP;;V
89;WDIR;;V
89;WDIR;10;V
89;WSPD;10;V
193;0001;;V
193;0004;;V
193;0CH4;;V
193;NMHC;;V
193;PM10;;V
193;THCM;;V
193;ARSE;;V
193;00Pb;;V
193;00Ni;;V
193;PM25;;V
193;0003;;V
193;0002;;V
193;0NOX;;V
193;0008;;V
193;GLOB;;V
193;PRES;;V
193;RAIN;;V
193;RHUM;;V
193;TEMP;;V
193;WDIR;10;V
193;WSPD;10;V
140;0001;;V
140;PM10;;V
140;00Pb;;V
140;WDIR;10;V
140;WSPD;10;V
14;0001;;V
14;0008;;V
14;PM10;;V
14;WDIR;10;V
14;WSPD;10;V
266;0002;;V
266;0003;;V
266;0008;;V
266;0NOX;;V
266;PM10;;V
266;PM25;;V
266;RHUM;4;V
266;RHUM;2;V
266;TEMP;4;V
266;TEMP;2;V
266;TEMP;;V
266;WDIR;10;V
266;WDIR;;V
266;WDIR;12;V
266;WSPD;;V
266;WSPD;12;V
266;WSPD;10;V
210;0001;;V
210;PM10;;V
210;WDIR;6;V
210;WDIR;10;V
210;WDIR;30;V
210;WSPD;30;V
210;WSPD;6;V
210;WSPD;10;V
182;0001;;V
182;0002;;V
182;0003;;V
182;0004;;V
182;0008;;V
182;0CH4;;V
182;0NOX;;V
182;NMHC;;V
182;PM10;;V
182;THCM;;V
182;PM25;;V
182;GLOB;2;V
182;GLOB;10;V
182;GLOB;30;V
182;RHUM;2;V
182;RHUM;3;V
182;TEMP;2;V
182;TEMP;10;V
182;WDIR;10;V
182;WSPD;10;V
200;0001;;V
200;0002;;V
200;0003;;V
200;0008;;V
200;0NOX;;V
200;PM10;;V
200;PM25;;V
200;0004;;V
200;ARSE;;V
200;00Pb;;V
200;00Cu;;V
200;WDIR;;V
200;WDIR;10;V
200;WSPD;;V
200;WSPD;10;V
278;0001;;V
278;0002;;V
278;0003;;V
278;0008;;V
278;0NOX;;V
278;PM10;;V
278;PM25;;V
278;WDIR;;V
278;WDIR;10;V
278;WSPD;;V
278;WSPD;10;V
136;0001;;V
136;0002;;V
136;0003;;V
136;0004;;V
136;0008;;V
136;0CH4;;V
136;0NOX;;V
136;NMHC;;V
136;PM10;;V
136;PM25;;V
136;THCM;;V
136;ARSE;;V
136;00Pb;;V
136;00Cu;;V
136;WDIR;;V
136;WDIR;10;V
136;WSPD;;V
136;WSPD;10;V
188;0001;;V
188;0002;;V
188;0003;;V
188;0008;;V
188;0CH4;;V
188;0NOX;;V
188;NMHC;;V
188;PM10;;V
188;PM25;;V
188;THCM;;V
188;00Pb;;V
188;00Cu;;V
188;00Ni;;V
188;ARSE;;V
188;WDIR;10;V
188;WSPD;10;V
109;GLOB;2;V
109;GLOB;20;V
109;PRES;2;V
109;PRES;20;V
109;RAIN;20;V
109;RAIN;2;V
109;RHUM;40;V
109;RHUM;20;V
109;RHUM;10;V
109;RHUM;2;V
109;TEMP;40;V
109;TEMP;2;V
109;TEMP;10;V
109;TEMP;20;V
109;WDIR;10;V
109;WDIR;20;V
109;WDIR;40;V
109;WSPD;10;V
109;WSPD;20;V
109;WSPD;40;V
109;SOL;;V
73;0002;;V
73;0003;;V
73;0008;;V
73;0CH4;;V
73;0NOX;;V
73;NMHC;;V
73;PM10;;V
73;THCM;;V
73;TEMP;2;V
73;WDIR;10;V
73;WSPD;10;V
141;0001;;V
141;0002;;V
141;0003;;V
141;0004;;V
141;0008;;V
141;0CH4;;V
141;0NOX;;V
141;NMHC;;V
141;PM10;;V
141;PM25;;V
141;THCM;;V
141;WDIR;10;V
141;WSPD;10;V
142;0001;;V
142;0002;;V
142;0003;;V
142;0004;;V
142;0008;;V
142;0CH4;;V
142;0NOX;;V
142;NMHC;;V
142;PM10;;V
142;PM25;;V
142;THCM;;V
142;WDIR;10;V
142;WSPD;10;V
41;0001;;V
41;0002;;V
41;0003;;V
41;0004;;V
41;0008;;V
41;0CH4;;V
41;0NOX;;V
41;NMHC;;V
41;PM10;;V
41;PM25;;V
41;THCM;;V
41;WDIR;10;V
41;WSPD;10;V
6;0001;;V
6;0002;;V
6;0003;;V
6;0004;;V
6;0008;;V
6;0CH4;;V
6;0NOX;;V
6;NMHC;;V
6;PM10;;V
6;THCM;;V
6;WDIR;10;V
6;WSPD;10;V
155;PM10;;V
155;PM25;;V
297;PM10;;V
297;PM25;;V
5;PM10;;V
5;0CH4;;V
5;NMHC;;V
5;THCM;;V
5;WDIR;10;V
5;WSPD;10;V
204;0001;;V
204;0002;;V
204;0003;;V
204;0004;;V
204;0008;;V
204;0CH4;;V
204;0NOX;;V
204;NMHC;;V
204;PM10;;V
204;PM25;;V
204;THCM;;V
204;ARSE;;V
204;00Pb;;V
204;00Cu;;V
204;WDIR;3;V
204;WDIR;10;V
204;WSPD;10;V
208;0001;;V
208;0002;;V
208;0003;;V
208;0004;;V
208;0008;;V
208;0CH4;;V
208;0NOX;;V
208;NMHC;;V
208;PM10;;V
208;PM25;;V
208;THCM;;V
208;GLOB;30;V
208;GLOB;3;V
208;GLOB;4;V
208;PRES;3;V
208;PRES;2;V
208;PRES;30;V
208;RAIN;;V
208;RAIN;4;V
208;RHUM;3;V
208;RHUM;30;V
208;RHUM;4;V
208;TEMP;10;V
208;TEMP;4;V
208;WDIR;10;V
208;WSPD;10;V
129;GLOB;3;V
129;GLOB;4;V
129;PRES;3;V
129;RAIN;4;V
129;RHUM;3;V
129;RHUM;4;V
129;TEMP;10;V
129;TEMP;4;V
129;WDIR;10;V
129;WSPD;10;V
183;0001;;V
183;0002;;V
183;0003;;V
183;0004;;V
183;0008;;V
183;0NOX;;V
183;PM10;;V
183;PM25;;V
183;ARSE;;V
183;00Cu;;V
183;00Ni;;V
183;00Pb;;V
183;WDIR;10;V
183;WSPD;10;V
251;0001;;V
251;0002;;V
251;0003;;V
251;0004;;V
251;0008;;V
251;0CH4;;V
251;0NOX;;V
251;NMHC;;V
251;PM10;;V
251;THCM;;V
251;00Pb;;V
251;ARSE;;V
251;PM25;;V
251;WDIR;10;V
251;WSPD;10;V
203;0001;;V
203;0002;;V
203;0003;;V
203;0008;;V
203;0NOX;;V
203;PM10;;V
203;00Pb;;V
203;ARSE;;V
203;PM25;;V
203;00Cu;;V
203;00Ni;;V
203;WDIR;10;V
203;WSPD;10;V
174;PM25;;V
247;0001;;V
247;0002;;V
247;0003;;V
247;0004;;V
247;0008;;V
247;0NOX;;V
247;PM10;;V
247;PM25;;V
247;GLOB;;V
247;GLOB;3;V
247;GLOB;2;V
247;PRES;3;V
247;PRES;;V
247;PRES;2;V
247;RAIN;2;V
247;RAIN;;V
247;RAIN;4;V
247;RHUM;2;V
247;RHUM;3;V
247;RHUM;;V
247;TEMP;;V
247;TEMP;10;V
247;TEMP;2;V
247;WDIR;10;V
247;WDIR;;V
247;WSPD;;V
247;WSPD;10;V
290;PM10;;M
290;PM25;;M
116;0001;;M
116;0002;;M
116;0003;;M
116;0004;;M
116;0008;;M
116;0NOX;;M
116;PM10;;M
116;PM25;;M
116;RHUM;3;M
116;RHUM;;M
116;TEMP;;M
116;TEMP;3;M
116;WDIR;10;M
116;WDIR;;M
116;WSPD;;M
116;WSPD;10;M
228;0001;;M
228;0002;;M
228;0003;;M
228;0004;;M
228;0008;;M
228;0NOX;;M
228;PM10;;M
228;PM25;;M
228;RHUM;3;M
228;RHUM;;M
228;TEMP;;M
228;TEMP;3;M
228;WDIR;10;M
228;WDIR;;M
228;WSPD;;M
228;WSPD;10;M
260;0001;;M
260;0002;;M
260;0003;;M
260;0004;;M
260;0008;;M
260;0NOX;;M
260;PM10;;M
260;PM25;;M
260;RHUM;;M
260;RHUM;3;M
260;TEMP;;M
260;TEMP;3;M
260;WDIR;;M
260;WDIR;10;M
260;WSPD;;M
260;WSPD;10;M
272;0001;;M
272;0002;;M
272;0003;;M
272;0004;;M
272;0008;;M
272;0NOX;;M
272;PM10;;M
272;PM1D;;M
272;PM25;;M
272;PM2D;;M
272;RHUM;;M
272;RHUM;3;M
272;TEMP;;M
272;TEMP;3;M
272;WDIR;;M
272;WDIR;10;M
272;WSPD;;M
272;WSPD;10;M
262;0001;;M
262;0002;;M
262;0003;;M
262;0004;;M
262;0008;;M
262;0NOX;;M
262;PM10;;M
262;PM25;;M
262;RHUM;;M
262;RHUM;3;M
262;TEMP;3;M
262;TEMP;;M
262;WDIR;10;M
262;WDIR;;M
262;WSPD;10;M
262;WSPD;;M
289;PM1D;;M
239;0001;;M
239;0002;;M
239;0003;;M
239;0004;;M
239;0008;;M
239;0NOX;;M
239;CORG;;M
239;CTOT;;M
239;PM10;;M
239;PM1D;;M
239;PM25;;M
239;PM2D;;M
239;RHUM;;M
239;RHUM;3;M
239;TEMP;;M
239;TEMP;2;M
239;TEMP;3;M
239;WDIR;;M
239;WDIR;10;M
239;WSPD;;M
239;WSPD;10;M
190;0001;;M
190;0002;;M
190;0003;;M
190;0004;;M
190;0008;;M
190;0NOX;;M
190;CORG;;M
190;CTOT;;M
190;PM10;;M
190;PM25;;M
190;RHUM;;M
190;RHUM;3;M
190;TEMP;;M
190;TEMP;3;M
190;WDIR;;M
190;WDIR;10;M
190;WSPD;;M
190;WSPD;10;M
233;0001;;M
233;0002;;M
233;0003;;M
233;0004;;M
233;0008;;M
233;0NOX;;M
233;PM10;;M
233;PM25;;M
233;RHUM;;M
233;RHUM;3;M
233;TEMP;;M
233;TEMP;3;M
233;WDIR;;M
233;WDIR;10;M
233;WSPD;;M
233;WSPD;10;M
271;PM10;;M
271;PM25;;M
149;0001;;M
149;0002;;M
149;0003;;M
149;0004;;M
149;0008;;M
149;0NOX;;M
149;PM10;;M
149;PM25;;M
149;RHUM;;M
149;RHUM;3;M
149;TEMP;;M
149;TEMP;3;M
149;WDIR;;M
149;WDIR;10;M
149;WSPD;;M
149;WSPD;10;M
273;0001;;M
273;0002;;M
273;0003;;M
273;0004;;M
273;0008;;M
273;0NOX;;M
273;CORG;;M
273;CTOT;;M
273;PM10;;M
273;PM1D;;M
273;PM25;;M
273;PM2D;;M
273;RHUM;3;M
273;RHUM;;M
273;TEMP;;M
273;TEMP;3;M
273;WDIR;10;M
273;WDIR;;M
273;WSPD;;M
273;WSPD;10;M
197;0001;;M
197;0002;;M
197;0003;;M
197;0004;;M
197;0008;;M
197;0NOX;;M
197;PM10;;M
197;PM25;;M
197;RHUM;;M
197;RHUM;3;M
197;TEMP;;M
197;TEMP;3;M
197;WDIR;10;M
197;WDIR;;M
197;WSPD;;M
197;WSPD;10;M
113;0001;;VI
113;0002;;VI
113;0003;;VI
113;0004;;VI
113;0008;;VI
113;0CH4;;VI
113;0NOX;;VI
113;NMHC;;VI
113;PM10;;VI
113;THCM;;VI
113;GLOB;2;VI
113;RAIN;2;VI
113;RHUM;3;VI
113;TEMP;3;VI
113;TEMP;2;VI
113;WDIR;10;VI
113;WSPD;10;VI
59;GLOB;2;VI
59;GLOB;5;VI
59;RAIN;2;VI
59;RAIN;4;VI
59;RHUM;2;VI
59;RHUM;4;VI
59;TEMP;2;VI
59;TEMP;4;VI
59;WDIR;10;VI
59;WSPD;10;VI
173;0001;;VI
173;PM10;;VI
173;WDIR;;VI
173;WDIR;8;VI
173;WDIR;10;VI
173;WSPD;;VI
173;WSPD;8;VI
173;WSPD;10;VI
246;0001;;VI
246;WDIR;10;VI
246;WDIR;;VI
246;WDIR;8;VI
246;WSPD;;VI
246;WSPD;8;VI
246;WSPD;10;VI
225;0001;;VI
225;PM10;;VI
225;WDIR;;VI
225;WDIR;8;VI
225;WDIR;10;VI
225;WSPD;;VI
225;WSPD;8;VI
225;WSPD;10;VI
65;0001;;VI
65;PM10;;VI
65;ARSE;;VI
65;00Pb;;VI
65;WDIR;;VI
65;WDIR;10;VI
65;WSPD;;VI
65;WSPD;10;VI
58;0001;;VI
58;0002;;VI
58;0003;;VI
58;0004;;VI
58;0008;;VI
58;0CH4;;VI
58;0NOX;;VI
58;NMHC;;VI
58;THCM;;VI
58;PM10;;VI
58;RAIN;2;VI
58;RHUM;2;VI
58;RHUM;3;VI
58;TEMP;2;VI
58;TEMP;3;VI
58;WDIR;10;VI
58;WSPD;10;VI
112;0001;;VI
112;0002;;VI
112;0003;;VI
112;0004;;VI
112;0008;;VI
112;0CH4;;VI
112;0NOX;;VI
112;NMHC;;VI
112;PM10;;VI
112;THCM;;VI
112;RAIN;2;VI
112;RHUM;2;VI
112;RHUM;3;VI
112;TEMP;2;VI
112;TEMP;3;VI
112;WDIR;10;VI
112;WSPD;10;VI
250;0001;;VI
250;0002;;VI
250;0003;;VI
250;0004;;VI
250;0008;;VI
250;0NOX;;VI
250;PM10;;VI
250;PM25;;VI
250;GLOB;3;VI
250;GLOB;;VI
250;GLOB;2;VI
250;PRES;3;VI
250;PRES;;VI
250;PRES;2;VI
250;RAIN;;VI
250;RAIN;4;VI
250;RAIN;2;VI
250;RHUM;;VI
250;RHUM;3;VI
250;RHUM;2;VI
250;TEMP;;VI
250;TEMP;10;VI
250;TEMP;2;VI
250;WDIR;10;VI
250;WDIR;;VI
250;WSPD;;VI
250;WSPD;10;VI
220;PM10;;VI
220;PM25;;VI
220;GLOB;2;VI
220;GLOB;3;VI
220;RHUM;3;VI
220;RHUM;2;VI
220;TEMP;10;VI
220;TEMP;2;VI
220;WDIR;10;VI
220;WDIR;2;VI
220;WSPD;2;VI
220;WSPD;10;VI
212;0008;;VI
212;PM10;;VI
212;PM25;;VI
212;GLOB;2;VI
212;GLOB;3;VI
212;GLOB;;VI
212;PRES;2;VI
212;PRES;;VI
212;RHUM;2;VI
212;RHUM;3;VI
212;RHUM;;VI
212;TEMP;;VI
212;TEMP;10;VI
212;TEMP;2;VI
212;WDIR;10;VI
212;WDIR;;VI
212;WSPD;10;VI
212;WSPD;;VI
152;0001;;VI
152;0002;;VI
152;0003;;VI
152;0004;;VI
152;0008;;VI
152;0NOX;;VI
152;PM10;;VI
152;GLOB;6;VI
152;RAIN;6;VI
152;RHUM;;VI
152;RHUM;6;VI
152;TEMP;6;VI
152;WDIR;10;VI
152;WSPD;10;VI
47;0001;;VI
47;0003;;VI
47;0004;;VI
47;0008;;VI
47;PM10;;VI
47;0002;;VI
47;0NOX;;VI
47;RHUM;;VI
47;TEMP;;VI
47;WDIR;;VI
47;WSPD;;VI
244;0008;;VI
244;PM10;;VI
244;PM25;;VI
244;GLOB;3;VI
244;GLOB;;VI
244;GLOB;2;VI
244;PRES;;VI
244;PRES;3;VI
244;PRES;2;VI
244;RHUM;3;VI
244;RHUM;;VI
244;RHUM;2;VI
244;TEMP;2;VI
244;TEMP;10;VI
244;TEMP;;VI
244;TEMP;3;VI
244;WDIR;;VI
244;WDIR;10;VI
244;WSPD;;VI
244;WSPD;10;VI
287;PM10;;VII
287;PM25;;VII
287;PRES;3;VII
287;RHUM;3;VII
287;TEMP;3;VII
287;WDIR;10;VII
287;WSPD;10;VII
269;PM10;;VII
269;PM25;;VII
269;GLOB;3;VII
269;RHUM;3;VII
269;TEMP;3;VII
269;TEMP;10;VII
269;WDIR;10;VII
269;WSPD;10;VII
53;PM10;;VII
53;PM25;;VII
181;PM25;;VII
181;GLOB;3;VII
181;RHUM;3;VII
181;TEMP;10;VII
181;WDIR;10;VII
181;WSPD;10;VII
276;0001;;VII
276;0002;;VII
276;0003;;VII
276;0004;;VII
276;0008;;VII
276;0NOX;;VII
276;PM10;;VII
276;PM25;;VII
276;PRES;2;VII
276;PRES;3;VII
276;RHUM;3;VII
276;TEMP;10;VII
276;TEMP;3;VII
276;WDIR;10;VII
276;WSPD;10;VII
230;PM10;;VII
230;PM25;;VII
230;PRES;2;VII
230;PRES;3;VII
230;RHUM;3;VII
230;TEMP;3;VII
230;TEMP;10;VII
230;WDIR;10;VII
230;WSPD;10;VII
217;PM10;;VII
217;PM25;;VII
217;PRES;3;VII
217;PRES;2;VII
217;RHUM;3;VII
217;TEMP;10;VII
217;TEMP;3;VII
217;WDIR;10;VII
217;WSPD;10;VII
31;0001;;VII
31;0002;;VII
31;0003;;VII
31;0004;;VII
31;0NOX;;VII
31;PM10;;VII
31;RHUM;;VII
31;TEMP;;VII
31;WDIR;;VII
31;WSPD;;VII
31;PRES;;VII
30;0001;;VII
30;0003;;VII
30;0004;;VII
30;0008;;VII
30;PM10;;VII
30;0002;;VII
30;0NOX;;VII
30;RHUM;;VII
30;TEMP;;VII
30;WDIR;;VII
30;WSPD;;VII
226;0001;;VIII
226;0002;;VIII
226;0003;;VIII
226;0004;;VIII
226;0008;;VIII
226;0CH4;;VIII
226;0NOX;;VIII
226;NMHC;;VIII
226;PM10;;VIII
226;THCM;;VIII
226;GLOB;2;VIII
226;PRES;2;VIII
226;RAIN;2;VIII
226;RHUM;2;VIII
226;TEMP;2;VIII
226;WDIR;10;VIII
226;WSPD;10;VIII
235;0001;;VIII
235;0002;;VIII
235;0003;;VIII
235;0NOX;;VIII
235;PM10;;VIII
235;PM25;;VIII
235;RAIN;2;VIII
235;RHUM;3;VIII
235;TEMP;3;VIII
235;WDIR;14;VIII
235;WSPD;14;VIII
83;PM10;;VIII
83;PM25;;VIII
83;RAIN;;VIII
83;RAIN;2;VIII
83;TEMP;;VIII
83;TEMP;2;VIII
83;WSPD;;VIII
83;WDIR;;VIII
83;RHUM;;VIII
83;GLOB;;VIII
261;0001;;VIII
261;0002;;VIII
261;0003;;VIII
261;0004;;VIII
261;0008;;VIII
261;0NOX;;VIII
261;PM10;;VIII
261;PM25;;VIII
261;GLOB;;VIII
261;GLOB;3;VIII
261;RHUM;;VIII
261;RHUM;3;VIII
261;TEMP;;VIII
261;TEMP;2;VIII
261;TEMP;3;VIII
261;WDIR;;VIII
261;WDIR;10;VIII
261;WSPD;;VIII
261;WSPD;10;VIII
227;0001;;VIII
227;PM10;;VIII
227;PM25;;VIII
118;0001;;VIII
118;GLOB;3;VIII
118;PRES;3;VIII
118;RAIN;4;VIII
118;RHUM;3;VIII
118;TEMP;10;VIII
118;WDIR;10;VIII
118;WSPD;10;VIII
280;0001;;VIII
280;0002;;VIII
280;0003;;VIII
280;0004;;VIII
280;0008;;VIII
280;0NOX;;VIII
280;PM10;;VIII
280;PM25;;VIII
280;0CH4;;VIII
280;THCM;;VIII
280;GLOB;3;VIII
280;PRES;3;VIII
280;RAIN;4;VIII
280;RHUM;3;VIII
280;TEMP;10;VIII
280;WDIR;10;VIII
280;WSPD;10;VIII
221;0001;;VIII
221;0002;;VIII
221;0003;;VIII
221;0004;;VIII
221;0008;;VIII
221;0CH4;;VIII
221;0NOX;;VIII
221;NMHC;;VIII
221;PM10;;VIII
221;THCM;;VIII
221;GLOB;3;VIII
221;RAIN;3;VIII
221;RHUM;3;VIII
221;TEMP;3;VIII
221;WDIR;10;VIII
221;WSPD;10;VIII
286;0001;;VIII
286;0002;;VIII
286;0003;;VIII
286;0004;;VIII
286;0008;;VIII
286;0NOX;;VIII
286;PM10;;VIII
286;PM25;;VIII
286;GLOB;3;VIII
286;PRES;2;VIII
286;RAIN;1;VIII
286;RHUM;3;VIII
286;TEMP;3;VIII
286;WDIR;10;VIII
286;WSPD;10;VIII
283;PM10;;VIII
283;PM25;;VIII
283;WDIR;10;VIII
283;WSPD;10;VIII
285;0001;;VIII
285;0002;;VIII
285;0003;;VIII
285;0004;;VIII
285;0008;;VIII
285;0NOX;;VIII
285;PM10;;VIII
285;PM25;;VIII
285;GLOB;3;VIII
285;PRES;2;VIII
285;RAIN;1;VIII
285;RHUM;3;VIII
285;TEMP;3;VIII
285;WDIR;10;VIII
285;WSPD;10;VIII
135;0001;;VIII
135;0002;;VIII
135;0003;;VIII
135;0004;;VIII
135;0008;;VIII
135;0NOX;;VIII
135;PM10;;VIII
135;PM25;;VIII
135;GLOB;3;VIII
135;PRES;2;VIII
135;PRES;1;VIII
135;RAIN;1;VIII
135;RAIN;3;VIII
135;RHUM;3;VIII
135;TEMP;3;VIII
135;WDIR;10;VIII
135;WSPD;10;VIII
170;0001;;VIII
170;0002;;VIII
170;0003;;VIII
170;0004;;VIII
170;0008;;VIII
170;0NOX;;VIII
170;PM10;;VIII
170;PM25;;VIII
170;GLOB;3;VIII
170;PRES;1;VIII
170;PRES;2;VIII
170;RAIN;3;VIII
170;RAIN;1;VIII
170;RHUM;3;VIII
170;TEMP;3;VIII
170;WDIR;10;VIII
170;WSPD;10;VIII
189;0001;;VIII
189;PM10;;VIII
189;PM25;;VIII
189;RAIN;2;VIII
189;RHUM;4;VIII
189;TEMP;4;VIII
189;WDIR;12;VIII
189;WSPD;12;VIII
277;0001;;VIII
277;PM10;;VIII
277;PM25;;VIII
105;0001;;VIII
105;0003;;VIII
105;0004;;VIII
105;0008;;VIII
105;PM10;;VIII
105;PM25;;VIII
105;TRSG;;VIII
43;0001;;VIII
43;0003;;VIII
43;0004;;VIII
43;0008;;VIII
43;PM10;;VIII
43;PM25;;VIII
43;TRSG;;VIII
242;0001;;VIII
242;0002;;VIII
242;0003;;VIII
242;0008;;VIII
242;0NOX;;VIII
242;PM10;;VIII
242;PM25;;VIII
242;GLOB;3;VIII
242;RHUM;10;VIII
242;TEMP;3;VIII
242;WDIR;10;VIII
242;WSPD;10;VIII
119;0001;;VIII
119;0002;;VIII
119;0003;;VIII
119;0004;;VIII
119;0008;;VIII
119;PM10;;VIII
119;PM25;;VIII
119;0NOX;;VIII
119;TRSG;;VIII
119;GLOB;3;VIII
119;PRES;1;VIII
119;RAIN;1;VIII
119;RHUM;3;VIII
119;TEMP;3;VIII
119;WDIR;10;VIII
119;WSPD;10;VIII
236;PM10;;VIII
236;PM25;;VIII
236;GLOB;3;VIII
236;RHUM;3;VIII
236;TEMP;3;VIII
236;WDIR;10;VIII
236;WSPD;10;VIII
211;PM10;;VIII
211;PM25;;VIII
211;GLOB;3;VIII
211;RHUM;3;VIII
211;TEMP;3;VIII
211;WDIR;10;VIII
211;WSPD;10;VIII
67;PM10;;VIII
67;PM25;;VIII
67;TEMP;2;VIII
245;0001;;VIII
245;0002;;VIII
245;0003;;VIII
245;0004;;VIII
245;0008;;VIII
245;PM10;;VIII
245;PM25;;VIII
245;0NOX;;VIII
245;GLOB;3;VIII
245;PRES;2;VIII
245;RAIN;1;VIII
245;RHUM;3;VIII
245;TEMP;3;VIII
245;WDIR;10;VIII
245;WSPD;10;VIII
76;PM10;;VIII
76;WDIR;10;VIII
76;WSPD;10;VIII
213;0001;;VIII
213;0002;;VIII
213;0003;;VIII
213;0004;;VIII
213;0008;;VIII
213;PM10;;VIII
213;PM25;;VIII
213;0NOX;;VIII
213;GLOB;3;VIII
213;PRES;1;VIII
213;RAIN;1;VIII
213;RHUM;3;VIII
213;TEMP;3;VIII
213;WDIR;10;VIII
213;WSPD;10;VIII
27;0001;;VIII
27;PM10;;VIII
27;GLOB;;VIII
27;GLOB;3;VIII
27;RAIN;;VIII
27;RAIN;4;VIII
27;TEMP;;VIII
27;TEMP;10;VIII
27;WDIR;;VIII
27;WDIR;10;VIII
27;WSPD;;VIII
27;WSPD;10;VIII
241;0001;;VIII
241;0002;;VIII
241;0003;;VIII
241;0NOX;;VIII
241;PM10;;VIII
241;PM25;;VIII
241;GLOB;5;VIII
241;RAIN;4;VIII
241;RHUM;5;VIII
241;TEMP;5;VIII
241;WDIR;13;VIII
241;WSPD;13;VIII
127;PM10;;VIII
127;PM25;;VIII
91;0001;;VIII
104;0001;;VIII
104;0003;;VIII
104;0004;;VIII
104;0008;;VIII
104;PM10;;VIII
104;PM25;;VIII
209;0001;;VIII
209;PM10;;VIII
209;PM25;;VIII
240;0001;;VIII
240;0002;;VIII
240;0003;;VIII
240;0004;;VIII
240;0008;;VIII
240;0CH4;;VIII
240;0NOX;;VIII
240;PM10;;VIII
240;PM25;;VIII
240;THCM;;VIII
240;WDIR;10;VIII
240;WSPD;10;VIII
195;0001;;VIII
195;0002;;VIII
195;0003;;VIII
195;0008;;VIII
195;0NOX;;VIII
195;PM10;;VIII
195;PM25;;VIII
195;GLOB;4;VIII
195;RAIN;2;VIII
195;RHUM;4;VIII
195;TEMP;;VIII
195;TEMP;2;VIII
195;TEMP;4;VIII
195;WDIR;13;VIII
195;WSPD;13;VIII
263;0002;;IX
263;0003;;IX
263;0004;;IX
263;0NOX;;IX
263;PM10;;IX
263;PM25;;IX
263;GLOB;2;IX
263;GLOB;3;IX
263;PRES;2;IX
263;PRES;3;IX
263;RAIN;2;IX
263;RAIN;4;IX
263;RHUM;2;IX
263;RHUM;3;IX
263;TEMP;2;IX
263;TEMP;10;IX
263;WDIR;10;IX
263;WSPD;10;IX
18;PM10;;IX
18;RHUM;2;IX
18;TEMP;2;IX
18;WDIR;10;IX
18;WSPD;10;IX
186;0001;;IX
186;0002;;IX
186;0003;;IX
186;0004;;IX
186;0008;;IX
186;0NOX;;IX
186;PM10;;IX
186;PM25;;IX
186;GLOB;;IX
186;GLOB;3;IX
186;GLOB;2;IX
186;PRES;3;IX
186;PRES;;IX
186;PRES;2;IX
186;RAIN;;IX
186;RAIN;4;IX
186;RAIN;2;IX
186;RHUM;3;IX
186;RHUM;;IX
186;RHUM;2;IX
186;TEMP;;IX
186;TEMP;2;IX
186;TEMP;10;IX
186;WDIR;;IX
186;WDIR;10;IX
186;WSPD;;IX
186;WSPD;10;IX
237;PM10;;IX
237;PM25;;IX
237;GLOB;3;IX
237;PRES;3;IX
237;RAIN;4;IX
237;RHUM;3;IX
237;TEMP;10;IX
237;WDIR;10;IX
237;WSPD;10;IX
110;PM10;;IX
110;PM25;;IX
110;GLOB;;IX
110;GLOB;3;IX
110;GLOB;2;IX
110;PRES;3;IX
110;PRES;;IX
110;PRES;2;IX
110;RAIN;2;IX
110;RAIN;;IX
110;RAIN;4;IX
110;RHUM;2;IX
110;RHUM;3;IX
110;RHUM;;IX
110;TEMP;;IX
110;TEMP;10;IX
110;TEMP;2;IX
110;WDIR;10;IX
110;WDIR;;IX
110;WSPD;;IX
110;WSPD;10;IX
304;PM25;;IX
304;RHUM;10;IX
304;TEMP;10;IX
304;WDIR;10;IX
304;WSPD;10;IX
115;0001;;XIV
115;0003;;XIV
115;0004;;XIV
115;PM10;;XIV
115;PM25;;XIV
115;RHUM;2;XIV
115;TEMP;2;XIV
115;WDIR;2;XIV
115;WSPD;2;XIV
180;PM25;;XIV
180;RHUM;10;XIV
180;TEMP;10;XIV
180;WDIR;10;XIV
180;WSPD;10;XIV
126;0001;;XIV
126;0002;;XIV
126;0003;;XIV
126;0004;;XIV
126;0008;;XIV
126;0NOX;;XIV
126;PM10;;XIV
126;TRSG;;XIV
126;WDIR;10;XIV
126;WSPD;10;XIV
49;0001;;XIV
49;0002;;XIV
49;0003;;XIV
49;0004;;XIV
49;0008;;XIV
49;0NOX;;XIV
49;PM10;;XIV
49;TRSG;;XIV
49;WDIR;;XIV
49;WSPD;;XIV
94;0001;;XIV
94;0002;;XIV
94;0003;;XIV
94;0004;;XIV
94;0008;;XIV
94;0NOX;;XIV
94;PM10;;XIV
94;TRSG;;XIV
94;WDIR;;XIV
94;WSPD;;XIV
267;0001;;XIV
267;0003;;XIV
267;0004;;XIV
267;0008;;XIV
267;PM10;;XIV
267;PM25;;XIV
267;RHUM;2;XIV
267;RHUM;3;XIV
267;TEMP;;XIV
267;TEMP;2;XIV
267;TEMP;10;XIV
267;WDIR;;XIV
267;WDIR;10;XIV
267;WSPD;;XIV
267;WSPD;10;XIV
218;PM10;;XIV
218;PM25;;XIV
218;RHUM;3;XIV
218;TEMP;3;XIV
218;WDIR;12;XIV
218;WSPD;12;XIV
229;PM10;;X
229;PM25;;X
229;RHUM;2;X
229;RHUM;3;X
229;TEMP;;X
229;TEMP;2;X
229;TEMP;10;X
229;WDIR;;X
229;WDIR;10;X
229;WSPD;;X
229;WSPD;10;X
298;PM25;;X
111;0001;;X
111;0003;;X
111;0004;;X
111;PM10;;X
111;PM25;;X
111;RHUM;2;X
111;TEMP;2;X
111;WDIR;2;X
111;WSPD;2;X
198;PM25;;X
198;RHUM;10;X
198;TEMP;10;X
198;WDIR;10;X
198;WSPD;10;X
54;PM10;;X
54;PM25;;X
54;GLOB;3;X
54;PRES;3;X
54;RHUM;3;X
54;TEMP;10;X
54;TEMP;3;X
54;WDIR;10;X
54;WSPD;10;X
74;0001;;X
74;0003;;X
74;0004;;X
74;0008;;X
74;PM10;;X
93;0001;;X
93;0003;;X
93;0004;;X
93;0008;;X
93;PM10;;X
281;PM10;;X
281;PM25;;X
166;PM25;;XI
166;RHUM;3;XI
166;TEMP;3;XI
166;WDIR;10;XI
166;WSPD;10;XI
296;PM25;;XI
238;PM10;;XI
238;PM25;;XI
238;GLOB;2;XI
238;GLOB;3;XI
238;RHUM;2;XI
238;RHUM;3;XI
238;TEMP;2;XI
238;TEMP;10;XI
238;WDIR;10;XI
238;WSPD;10;XI
264;0001;;XI
264;0002;;XI
264;0003;;XI
264;0004;;XI
264;0008;;XI
264;0NOX;;XI
264;PM10;;XI
264;PM25;;XI
264;PRES;3;XI
264;RHUM;3;XI
264;TEMP;10;XI
264;WDIR;10;XI
264;WSPD;10;XI
264;GLOB;;XI
264;RAIN;;XI
191;PM25;;XII
